,destination,watches
0,airport/LED,24618
1,airport/FLW,194
2,airport/LLA,429
3,airport/JUB,226
4,airport/SCN,137
5,airport/MTR,4881
6,airport/PAZ,236
7,airport/FWA,12812
8,airport/WNZ,1146
9,airport/LGG,8
10,airport/AGP,101347
11,airport/KCH,1808
12,airport/TJA,305
13,airport/VUP,3735
14,airport/SUB,4158
15,airport/SPS,2238
16,airport/VAN,53
17,airport/KKA,2
18,airport/SAV,165021
19,airport/NIM,772
20,airport/SAT,291312
21,airport/BVC,259
22,airport/DLU,71
23,city/BRU,147900
24,airport/JMK,35893
25,airport/NGS,643
26,airport/PIU,9882
27,airport/AEX,5656
28,airport/AJA,2846
29,airport/PKU,50
30,airport/PQI,650
31,airport/DMM,11105
32,airport/SBP,13956
33,airport/HTY,340
34,airport/MMB,34
35,airport/PDG,123
36,airport/BTU,40
37,airport/CJB,6901
38,airport/STI,298842
39,airport/LIT,49136
40,airport/RDD,5680
41,airport/TPQ,2134
42,airport/RMQ,721
43,airport/ROW,2505
44,airport/HNM,163
45,airport/MDC,693
46,airport/KLU,327
47,airport/TLN,618
48,airport/OUL,458
49,airport/MEI,1402
50,airport/JST,86
51,airport/TMU,52
52,airport/LOH,1716
53,airport/BFD,22
54,airport/AXP,2
55,airport/SPR,1124
56,airport/IGU,9110
57,airport/SHE,5166
58,airport/CVU,11
59,airport/SAP,85938
60,airport/JAC,47133
61,airport/IPC,7934
62,airport/DRO,14748
63,airport/YTS,1195
64,airport/LPA,25586
65,airport/FMA,194
66,airport/YPR,333
67,city/SEL,421381
68,airport/LUN,4975
69,airport/LET,1789
70,airport/AXD,152
71,airport/LBS,193
72,airport/EBU,1
73,airport/ABI,3740
74,airport/HRE,7854
75,airport/NSN,1307
76,airport/AMH,9
77,airport/LYG,14
78,airport/AMD,99795
79,airport/NAY,60
80,airport/STR,30400
81,airport/KDI,2
82,airport/LCE,380
83,airport/CGP,1832
84,airport/MSR,2
85,city/BER,306460
86,airport/LMM,2363
87,airport/SWA,255
88,airport/ERI,6996
89,airport/ISE,14
90,airport/SOJ,2
91,airport/PDX,786174
92,airport/KGD,753
93,airport/KUF,665
94,airport/HJR,57
95,airport/TMR,3
96,airport/BBA,1597
97,airport/KSU,29
98,airport/PMW,668
99,airport/WWK,11
100,airport/YDQ,5
101,airport/LRS,18
102,airport/UET,264
103,airport/KRO,8
104,airport/TUI,12
105,airport/SFJ,37
106,airport/BON,7499
107,airport/XAP,364
108,airport/IAG,2465
109,airport/JOG,778
110,airport/DIN,10
111,airport/JNU,12209
112,airport/YBL,433
113,airport/RSA,69
114,airport/GRR,71593
115,airport/AOI,1008
116,airport/BIM,3848
117,airport/TIA,31059
118,airport/BHU,109
119,airport/HIN,52
120,airport/CDV,182
121,airport/HFE,651
122,airport/SCO,51
123,airport/TUO,75
124,airport/QOW,16
125,city/ORL,3664255
126,airport/UUS,116
127,airport/BTJ,8
128,airport/SZK,131
129,airport/VXE,941
130,airport/SHW,21
131,airport/AXM,17259
132,airport/MAH,7536
133,airport/MOB,32260
134,airport/INV,3992
135,airport/SBW,188
136,airport/KOJ,654
137,airport/JUL,2085
138,airport/BPT,2367
139,airport/NLD,530
140,airport/POR,3
141,airport/MED,5415
142,airport/LXR,1363
143,airport/GOH,92
144,airport/IPL,13
145,airport/NTE,6938
146,airport/LNS,62
147,airport/FRU,3786
148,airport/GYN,7915
149,airport/PPT,25929
150,airport/SKB,16709
151,airport/BDU,102
152,airport/ASF,95
153,airport/LSC,3175
154,airport/DOY,4
155,airport/GAJ,6
156,city/SJO,628803
157,airport/ONT,131779
158,airport/BDJ,2
159,airport/ABV,7147
160,airport/CIF,52
161,airport/BUD,131302
162,airport/DRS,2635
163,airport/RKS,498
164,airport/MRA,2
165,airport/CHS,287687
166,airport/TJM,141
167,airport/ASP,2043
168,airport/TIP,199
169,airport/VLD,11
170,airport/BTH,52
171,airport/OSW,1
172,airport/AKX,20
173,airport/RUN,7445
174,airport/LBA,5422
175,airport/CYP,199
176,airport/VLI,2108
177,airport/SOG,38
178,airport/CEN,1267
179,airport/LNZ,372
180,airport/NAT,14282
181,airport/KLV,8
182,airport/BHB,2975
183,airport/YNB,237
184,airport/YYQ,4
185,city/MEL,232489
186,airport/TAB,4349
187,airport/LYA,41
188,airport/PGK,2
189,airport/RZE,5635
190,airport/TVU,1119
191,airport/HRL,13421
192,airport/PPG,2814
193,airport/TNG,6426
194,airport/FAV,4
195,airport/KRN,845
196,airport/TYR,2997
197,airport/PFB,119
198,airport/SMR,34019
199,airport/RTM,2837
200,airport/URT,854
201,airport/ISG,625
202,airport/DIL,164
203,airport/EUX,38
204,airport/JUZ,1
205,city/NYC,6136124
206,airport/DAB,48956
207,airport/RCB,63
208,airport/JYV,40
209,airport/NRK,15
210,airport/KLG,1
211,airport/PCL,1490
212,airport/TUP,24
213,airport/MAN,136437
214,airport/URS,1
215,airport/OGS,435
216,airport/PBI,332760
217,airport/MZL,4175
218,airport/FNT,23545
219,airport/MPH,3967
220,city/MLW,3282
221,airport/NGB,573
222,airport/HFT,22
223,airport/ONJ,7
224,airport/KVG,6
225,airport/CIU,1
226,airport/BUF,167304
227,airport/PIT,203280
228,airport/LEB,956
229,airport/ORK,14148
230,airport/YEG,176369
231,airport/MTY,72882
232,airport/GHA,1
233,airport/YQL,795
234,airport/GWL,42
235,airport/MID,39546
236,airport/JPA,3097
237,airport/CPO,1081
238,airport/PTY,367846
239,airport/VGO,7457
240,airport/KNH,23
241,airport/OXB,353
242,airport/MCZ,7081
243,airport/GRX,7136
244,airport/SGC,44
245,airport/ADZ,56100
246,airport/MAO,6499
247,airport/BGR,21556
248,airport/FOR,21393
249,airport/MOT,5747
250,airport/ICT,35546
251,airport/SDQ,466880
252,airport/IXZ,2571
253,airport/YQF,443
254,airport/JHG,25
255,airport/SDD,4
256,airport/FNJ,383
257,airport/SZG,9128
258,airport/ROT,484
259,airport/KDU,28
260,airport/BCN,956723
261,airport/ZVK,63
262,airport/SCW,12
263,airport/CAE,47725
264,airport/CWA,3953
265,airport/YYD,300
266,airport/HAD,20
267,airport/XNN,186
268,airport/RMA,72
269,airport/RBA,9299
270,airport/PXO,313
271,airport/SSG,272
272,airport/ALF,203
273,airport/ELD,28
274,airport/MOV,5
275,airport/ACK,10917
276,airport/KKC,123
277,airport/JGA,176
278,airport/CFR,104
279,airport/AGF,12
280,airport/HER,16233
281,city/OSL,116324
282,airport/BLZ,699
283,airport/SYX,1633
284,airport/YZP,182
285,airport/BMV,46
286,airport/TBB,12
287,airport/AVN,64
288,airport/REN,61
289,airport/CBG,14
290,airport/HPN,36698
291,airport/FKB,492
292,airport/SAH,4
293,airport/BAL,9
294,airport/JGN,2
295,airport/FSD,26403
296,airport/SHD,134
297,airport/CCU,44646
298,airport/HYA,1710
299,airport/ILO,13096
300,airport/HOR,320
301,airport/GUW,116
302,airport/YRL,12
303,airport/RNB,18
304,airport/EDI,128045
305,airport/AAT,1
306,airport/GSO,60433
307,airport/ANU,50716
308,airport/PAH,1226
309,airport/ABQ,126216
310,airport/HBA,9205
311,airport/KDV,76
312,airport/VOZ,52
313,airport/HVB,283
314,airport/BZV,514
315,airport/MSL,74
316,airport/CFU,6941
317,airport/YSJ,5886
318,airport/BIS,12704
319,airport/PPQ,162
320,airport/KJA,452
321,airport/BRQ,433
322,airport/THE,959
323,airport/FOC,11134
324,airport/CGR,2312
325,airport/PGV,4127
326,airport/PLQ,739
327,airport/XIL,3
328,airport/UIO,179437
329,airport/CPR,4791
330,airport/LCG,3884
331,airport/EBL,4474
332,airport/SRG,200
333,airport/FUJ,6
334,airport/BNA,636206
335,airport/ALG,23146
336,airport/HKT,139374
337,airport/BJV,4149
338,airport/GCI,411
339,airport/ADK,3
340,airport/YVR,669702
341,airport/GCM,76014
342,airport/YZT,44
343,airport/SEZ,16064
344,airport/FAE,1296
345,city/CVG,165149
346,airport/CJA,2325
347,airport/TMJ,5
348,airport/NDG,10
349,airport/GTO,5
350,airport/CBR,4272
351,airport/LGP,1642
352,airport/HOT,261
353,airport/OME,293
354,airport/EZS,94
355,airport/IRK,147
356,airport/TET,16
357,airport/OLF,12
358,airport/UBP,129
359,airport/IYK,21
360,airport/MVD,58314
361,airport/GGG,1277
362,airport/RAK,70863
363,airport/NJF,3894
364,airport/ASR,1162
365,airport/CVM,152
366,airport/VRA,3688
367,airport/MAJ,392
368,airport/CGK,76862
369,airport/YTM,797
370,airport/CEC,684
371,airport/INH,54
372,airport/OAK,268825
373,airport/PNQ,15275
374,airport/NUE,10434
375,airport/VDH,73
376,airport/YBP,6
377,airport/YIN,6
378,airport/PIR,26
379,airport/TYN,469
380,airport/EQS,618
381,airport/BEW,75
382,airport/EXT,1075
383,city/WDH,7139
384,airport/KWL,1155
385,airport/CPT,128650
386,airport/MSO,30885
387,airport/UTP,183
388,airport/BCM,507
389,airport/NTG,14
390,airport/LKO,13257
391,airport/MZR,158
392,airport/YQY,8509
393,airport/YYG,17161
394,airport/WEH,211
395,airport/ARK,238
396,airport/IVC,174
397,airport/KLR,51
398,airport/KVA,280
399,airport/YVQ,4
400,airport/TCO,589
401,airport/LOS,69016
402,airport/TKS,120
403,airport/OVD,4427
404,airport/SAF,23799
405,airport/KOK,9
406,city/SAN,1124929
407,airport/NNG,1370
408,airport/TEX,1445
409,airport/MHK,3876
410,airport/YYY,102
411,airport/HKD,865
412,airport/LBD,33
413,airport/VTE,12908
414,airport/RHI,3
415,airport/YXP,3
416,airport/LHE,86524
417,airport/BJM,873
418,airport/RLG,70
419,airport/VCA,42
420,airport/DEA,6
421,airport/ENA,528
422,airport/QBC,24
423,airport/ZAG,61655
424,airport/MRY,17573
425,airport/ETZ,93
426,airport/AOK,322
427,airport/SKN,11
428,airport/YOJ,4
429,airport/JRO,12158
430,airport/SXB,2423
431,airport/PIB,882
432,airport/MWZ,107
433,airport/EVV,6531
434,airport/RSD,185
435,airport/RSW,487552
436,city/TYO,890825
437,airport/LGB,155631
438,airport/JAI,11399
439,airport/SHV,14199
440,airport/BRE,4221
441,airport/BLA,1962
442,airport/VIL,256
443,airport/KCM,37
444,airport/KSD,29
445,airport/TAO,4518
446,airport/BRW,325
447,airport/NYT,182
448,airport/LYB,358
449,airport/PNH,50198
450,airport/IPT,1127
451,airport/TXK,1683
452,airport/ROA,16330
453,airport/HPB,1
454,airport/IBZ,58816
455,airport/OPO,82371
456,airport/ISP,16396
457,airport/OVB,1272
458,airport/OGL,501
459,airport/OKA,44260
460,airport/TNA,1044
461,airport/GST,48
462,airport/MQN,10
463,city/THR,49089
464,airport/PSC,15906
465,airport/EAU,1134
466,airport/LBE,1421
467,airport/MHQ,35
468,airport/BRL,1
469,airport/LEN,91
470,airport/BQS,4
471,airport/MYR,181650
472,city/GPS,20834
473,airport/AAQ,139
474,airport/CAI,165800
475,airport/LEX,29289
476,airport/TNR,10677
477,airport/DPS,351128
478,airport/AJL,194
479,airport/JNG,7
480,airport/ACV,5283
481,airport/TVF,68
482,airport/KIM,124
483,airport/ANE,4
484,airport/TMM,20
485,airport/TMP,308
486,airport/VRN,7538
487,airport/DRW,5465
488,airport/YYE,38
489,airport/NLK,78
490,airport/BNX,88
491,airport/ZSA,162
492,airport/MCX,36
493,airport/TUN,29478
494,airport/ALO,1526
495,airport/INN,4191
496,airport/DND,64
497,airport/CAG,6222
498,airport/IFO,632
499,airport/CZX,27
500,airport/AMQ,17
501,airport/DAC,43488
502,airport/CID,25232
503,airport/ABE,16975
504,airport/KRS,663
505,airport/MKG,1732
506,airport/BOG,535591
507,airport/CKG,3298
508,airport/XMN,4427
509,airport/VNO,13028
510,airport/MKK,2345
511,airport/BHJ,634
512,airport/TBS,26335
513,airport/VVI,27725
514,airport/SVG,4034
515,airport/BHK,18
516,airport/CTC,57
517,airport/COR,17726
518,airport/PNK,25
519,airport/LAP,7115
520,airport/ISU,505
521,airport/HUH,38
522,airport/IKI,24
523,airport/KSN,12
524,city/BKK,966731
525,airport/MSN,50967
526,airport/ALB,76482
527,airport/HMI,1
528,airport/BJX,55378
529,airport/LTO,2846
530,airport/RGL,394
531,airport/HAV,6005
532,city/GOT,15186
533,airport/OMR,108
534,airport/VIX,7935
535,airport/DLI,418
536,airport/ENU,355
537,airport/ZHA,169
538,airport/NTQ,5
539,airport/HAA,1
540,airport/ZAL,1557
541,airport/ABT,116
542,airport/LRE,8
543,airport/MLN,218
544,airport/YYC,331928
545,airport/MCT,25658
546,airport/LCH,2942
547,airport/PLM,50
548,airport/AAR,899
549,airport/DED,1944
550,airport/YQM,19535
551,airport/TTJ,51
552,airport/PNR,234
553,city/PHX,1209483
554,airport/CXR,2367
555,airport/AJU,1398
556,airport/PNI,455
557,airport/BTK,5
558,airport/MOL,89
559,city/CHI,2510342
560,airport/POP,103248
561,city/LCA,39106
562,airport/LAD,2160
563,airport/YXJ,2048
564,airport/TMW,82
565,airport/LUH,25
566,airport/GPA,10
567,airport/BIL,25262
568,airport/APW,5387
569,airport/AAL,1556
570,airport/MPL,4826
571,airport/KRL,2
572,airport/IXM,3783
573,airport/ROP,116
574,airport/CWB,16520
575,airport/EMA,1260
576,airport/COU,4434
577,airport/TBZ,379
578,airport/MQL,119
579,airport/PUW,2914
580,airport/HUY,183
581,airport/RDZ,30
582,airport/LPT,67
583,airport/GDL,288458
584,airport/GOV,3
585,airport/BOS,1381236
586,airport/YQU,5999
587,airport/GAY,262
588,airport/QSF,155
589,airport/MRU,29450
590,airport/CLO,144506
591,airport/EAS,4511
592,airport/EUN,31
593,airport/MSP,522952
594,airport/QRO,25639
595,airport/LDH,160
596,airport/HAU,228
597,airport/GND,39454
598,airport/AGA,5869
599,airport/BJL,3355
600,airport/BZG,239
601,airport/FEG,3
602,airport/DNK,1098
603,airport/MWA,363
604,airport/AJI,4
605,airport/ITO,46708
606,airport/MAR,14301
607,airport/XIY,4383
608,airport/PLN,7
609,airport/JNZ,12
610,airport/MKY,603
611,airport/NCE,71633
612,airport/YMM,7516
613,airport/UEO,13
614,airport/IWD,4
615,airport/MCY,2384
616,airport/CLL,3792
617,airport/DVL,239
618,airport/JRH,14
619,airport/BEY,117109
620,airport/NAS,215821
621,airport/NBO,70606
622,airport/GAM,2
623,airport/SRQ,81425
624,airport/HOM,520
625,airport/YXU,14312
626,airport/MPM,3365
627,airport/LAW,4572
628,airport/SYY,126
629,airport/BGW,7638
630,airport/EWN,7375
631,airport/LBF,162
632,airport/MSS,143
633,airport/PXM,7355
634,airport/TIJ,39321
635,airport/ORN,2506
636,airport/SFG,116
637,airport/RAP,20023
638,airport/JDZ,11
639,airport/KMJ,322
640,airport/ORF,132929
641,airport/XUZ,32
642,airport/KSY,31
643,airport/SPI,4279
644,airport/FAR,17549
645,airport/EVN,15947
646,airport/KME,7
647,airport/SLN,114
648,airport/AJF,44
649,airport/MCP,148
650,airport/PNZ,379
651,airport/BRS,8367
652,airport/TBN,1464
653,airport/PNS,100229
654,airport/PBG,4113
655,airport/ROK,386
656,airport/TUG,663
657,airport/PQC,1840
658,airport/RJK,730
659,airport/SIT,1857
660,airport/AKN,114
661,airport/SJC,272259
662,airport/PLS,113348
663,airport/DCM,11
664,airport/IGA,2
665,airport/VFA,1811
666,airport/DRT,23
667,airport/BRO,13006
668,airport/OST,14
669,airport/PBO,8
670,airport/SUX,3373
671,airport/FDE,11
672,airport/PIH,1
673,airport/ZAZ,93
674,airport/AUH,46724
675,airport/MQT,2772
676,airport/TRS,2490
677,airport/MST,21
678,airport/ZQN,22253
679,airport/AZO,7334
680,airport/YBC,77
681,airport/ATQ,20572
682,airport/ORH,3348
683,airport/CFE,344
684,airport/KAN,202
685,airport/CYS,587
686,airport/PZO,143
687,airport/MNL,1507135
688,airport/RAJ,1468
689,airport/ADD,25784
690,airport/YXH,415
691,airport/NOS,111
692,airport/LYI,5
693,airport/GDE,1
694,airport/BOJ,3046
695,airport/IXC,6794
696,airport/BEN,5
697,airport/BQN,184729
698,airport/MAF,14554
699,airport/AGX,161
700,airport/CXJ,297
701,airport/SLA,5666
702,airport/LLI,36
703,airport/CCP,3281
704,airport/JDO,263
705,airport/EVE,370
706,airport/SON,52
707,airport/PKB,101
708,airport/BRD,5
709,airport/PTP,17664
710,airport/PDT,137
711,airport/WRE,44
712,airport/BLJ,20
713,airport/XRY,4578
714,airport/LGK,4133
715,airport/PSR,453
716,airport/BWN,1470
717,airport/YAP,51
718,airport/VDZ,143
719,airport/BJF,1
720,airport/RNO,145827
721,airport/AXA,2757
722,airport/ECP,43167
723,airport/ULN,9436
724,airport/FIH,3257
725,airport/VVC,472
726,airport/PUB,313
727,airport/TEN,3
728,airport/MOQ,2
729,airport/OCC,158
730,airport/BPN,580
731,airport/GEO,20069
732,airport/CUU,11841
733,airport/CHQ,6651
734,airport/LAR,756
735,airport/PJM,49
736,airport/GTR,10
737,airport/BLQ,28787
738,airport/SCQ,7674
739,airport/IUE,22
740,airport/MTT,993
741,airport/POL,243
742,airport/BHV,16
743,airport/NDR,1164
744,airport/CMW,134
745,airport/NGO,24925
746,airport/BHM,76361
747,airport/SVD,9184
748,airport/MGF,1270
749,airport/BHI,727
750,airport/OWB,656
751,airport/ENH,1
752,airport/LIS,379410
753,airport/RDU,340424
754,airport/MFR,27497
755,airport/GHB,583
756,airport/ZEL,17
757,airport/NCU,2
758,airport/RCH,130
759,airport/ODS,6951
760,airport/AGH,52
761,airport/LIG,288
762,airport/TLS,20829
763,airport/VQS,3307
764,airport/CHC,31941
765,airport/HTS,2999
766,airport/LCJ,254
767,airport/TGG,305
768,airport/HAN,86396
769,airport/KZN,1285
770,airport/DLG,63
771,airport/OSY,2
772,airport/YYR,326
773,airport/TRC,7424
774,airport/ZCO,4324
775,airport/ZRH,178559
776,airport/MFE,22629
777,airport/TIV,2998
778,airport/YXL,42
779,airport/ZOS,336
780,airport/RAE,34
781,airport/SVL,1
782,airport/SYM,3
783,airport/TGD,9258
784,airport/PAT,5649
785,airport/SBH,1471
786,airport/MBA,5102
787,airport/YHD,53
788,airport/FAO,36178
789,airport/SFT,47
790,airport/LYH,6280
791,airport/MAM,286
792,airport/JMU,18
793,airport/HUN,38
794,airport/BZN,62231
795,airport/AXU,8
796,airport/SNA,329522
797,airport/GDQ,29
798,airport/DHM,294
799,airport/CGB,2000
800,airport/CTL,1
801,airport/PNA,2502
802,airport/BHH,44
803,airport/RKD,489
804,airport/SFA,13
805,airport/TCZ,5
806,airport/MQF,18
807,airport/ATL,1286223
808,airport/PBC,11074
809,airport/YZV,526
810,airport/AFA,397
811,airport/ASW,293
812,airport/HSG,87
813,airport/MSU,63
814,airport/TIH,27
815,airport/AGU,19173
816,airport/UPG,182
817,airport/SPN,4305
818,airport/TBT,47
819,airport/YZF,8012
820,airport/MKM,1
821,airport/BHX,30540
822,airport/LXA,1251
823,airport/KGC,14
824,airport/KAJ,18
825,airport/OKC,92960
826,airport/VIJ,1617
827,airport/DLA,9596
828,airport/MCG,3
829,airport/MMU,1
830,airport/CCS,109405
831,airport/CLJ,8836
832,airport/MOC,161
833,airport/EBB,19087
834,airport/AKL,242744
835,airport/YQQ,7983
836,airport/CYB,791
837,airport/BGA,17600
838,airport/CMB,87406
839,airport/MDT,26689
840,airport/SHJ,4323
841,airport/VOG,371
842,airport/SLM,6
843,airport/KTN,2871
844,airport/GPT,24006
845,airport/MGM,11339
846,airport/GKA,16
847,airport/FLN,24722
848,airport/BIO,22997
849,airport/HRO,87
850,airport/HEL,55498
851,airport/PZU,24
852,airport/LTX,9
853,airport/VGA,4837
854,airport/FAY,25989
855,airport/LLW,1989
856,airport/SRE,441
857,airport/PWQ,17
858,airport/CDR,85
859,airport/HSN,7
860,airport/HRG,4984
861,airport/IQT,6284
862,airport/JTY,4
863,airport/FTE,6557
864,airport/TRN,11629
865,airport/REU,715
866,airport/AQP,11404
867,airport/TRZ,3535
868,airport/EDO,108
869,airport/TTE,2
870,airport/MHH,6829
871,airport/TSE,2599
872,airport/LBV,785
873,airport/JHW,36
874,airport/YUS,10
875,airport/SXR,3775
876,airport/YCG,1281
877,airport/YZZ,96
878,airport/YXT,1889
879,city/BFS,22127
880,airport/MTJ,9893
881,airport/FRW,27
882,airport/IDR,3264
883,airport/RBR,173
884,airport/YXE,26486
885,airport/ZLO,9852
886,airport/RFP,82
887,airport/FLR,104019
888,airport/IXB,2963
889,airport/SZF,235
890,airport/SBA,29759
891,airport/KCZ,254
892,airport/AOR,187
893,airport/KEJ,59
894,airport/HLN,6351
895,airport/MYY,306
896,airport/PHW,34
897,airport/ISN,2329
898,airport/TAE,1112
899,airport/GZT,710
900,airport/LGI,122
901,airport/XFN,12
902,airport/BBK,108
903,airport/VAW,1
904,airport/ASM,2391
905,airport/PMC,7590
906,airport/ROR,2826
907,airport/PEW,6077
908,airport/MIG,62
909,airport/KOA,228008
910,airport/EMD,52
911,airport/BAX,178
912,airport/GRI,1636
913,airport/LVI,1129
914,airport/ASU,22090
915,airport/AAE,230
916,airport/STM,464
917,airport/TOL,6830
918,airport/KSM,5
919,airport/MLB,35890
920,airport/JJN,423
921,airport/KVX,2
922,airport/CGY,6058
923,airport/ROC,80448
924,airport/YLW,54291
925,airport/COS,96562
926,airport/DPO,86
927,airport/LKN,109
928,airport/TGO,3
929,airport/SGF,22556
930,airport/TWU,375
931,airport/AGS,18801
932,airport/GDN,7787
933,airport/CGN,14700
934,airport/MOZ,938
935,airport/DVO,25924
936,airport/LZO,6
937,airport/BLR,129815
938,airport/ZAM,1318
939,airport/IOA,276
940,city/TCI,60326
941,airport/VNS,4605
942,airport/ARI,4409
943,airport/HAM,49801
944,airport/CUL,7372
945,airport/MUB,291
946,airport/SFN,73
947,airport/HHH,12489
948,airport/AMA,10992
949,airport/CRD,731
950,airport/RIW,114
951,airport/JOI,699
952,airport/SVC,28
953,airport/PXU,38
954,airport/DSN,17
955,airport/IXU,731
956,airport/LKL,7
957,airport/CGO,2330
958,airport/BHO,1807
959,airport/NQY,1175
960,airport/DSM,64384
961,airport/BOO,563
962,airport/SPU,41079
963,airport/IMF,477
964,airport/FUN,34
965,airport/LSP,45
966,airport/DMU,117
967,airport/RAO,957
968,airport/VLN,15790
969,airport/CCJ,33044
970,airport/TBP,3318
971,airport/YUY,328
972,airport/HNA,16
973,airport/REX,1293
974,airport/KIS,358
975,airport/SDF,83643
976,airport/PMZ,1
977,airport/BGI,133693
978,airport/KUT,279
979,airport/NUX,7
980,airport/SYR,75650
981,airport/CSX,2807
982,airport/AGT,34
983,airport/RVN,1374
984,airport/KNX,51
985,airport/SKU,4
986,airport/CHO,23689
987,airport/GUM,31766
988,airport/SLC,480198
989,airport/USH,7100
990,airport/CMI,4105
991,airport/TOY,468
992,airport/AGR,143
993,airport/NYM,1
994,airport/CJJ,121
995,airport/XSC,120
996,airport/UAK,9
997,airport/EGO,40
998,airport/TTT,7
999,airport/ATW,7532
1000,airport/SOC,13
1001,airport/KZS,336
1002,airport/DAD,23890
1003,airport/YFB,476
1004,airport/ILY,43
1005,airport/LYC,2
1006,airport/FMO,543
1007,airport/CMX,1234
1008,airport/YJT,131
1009,airport/IND,198372
1010,airport/MCI,217867
1011,airport/SDE,281
1012,airport/YYU,5
1013,airport/YYF,3608
1014,airport/PSS,787
1015,airport/PRA,113
1016,airport/CHG,3
1017,city/QPH,730845
1018,airport/PUY,2408
1019,airport/DBV,46132
1020,airport/PKZ,147
1021,city/TLV,256074
1022,airport/OLB,4992
1023,airport/NWI,828
1024,airport/AER,2217
1025,airport/MCK,11
1026,airport/HAJ,7833
1027,airport/ALA,5079
1028,airport/SNU,428
1029,airport/APL,76
1030,airport/TJQ,1
1031,airport/TOS,4870
1032,airport/LEI,1897
1033,airport/RXS,663
1034,airport/HRK,2013
1035,airport/TBW,1
1036,airport/FUE,8355
1037,airport/MMY,402
1038,airport/KOT,1
1039,airport/KWI,21815
1040,airport/MXZ,25
1041,airport/NEV,1365
1042,airport/ZIH,24753
1043,airport/BUS,1264
1044,airport/UNK,12
1045,airport/SOQ,83
1046,airport/TLM,273
1047,airport/HOF,92
1048,airport/LDB,2107
1049,airport/AOO,37
1050,airport/SWF,16510
1051,airport/WBB,1
1052,airport/CIH,5
1053,airport/ART,2737
1054,airport/STW,96
1055,airport/LZC,213
1056,airport/NKC,531
1057,airport/LSI,146
1058,airport/CEZ,274
1059,airport/AMM,73699
1060,airport/ISB,64399
1061,airport/BBI,4378
1062,airport/AXT,148
1063,airport/CNQ,301
1064,airport/PMV,1135
1065,airport/ERF,5
1066,airport/TLE,1
1067,airport/KIN,139715
1068,airport/BKG,638
1069,airport/CEK,468
1070,airport/YGT,4
1071,airport/TUK,4
1072,airport/TPP,647
1073,airport/REC,23113
1074,airport/DEC,1
1075,airport/CLQ,2451
1076,airport/MLU,4510
1077,airport/ANX,9
1078,airport/YZR,198
1079,airport/MEM,129175
1080,airport/FBM,191
1081,airport/LWO,10336
1082,airport/NSI,3753
1083,airport/ANR,247
1084,airport/CAY,817
1085,airport/YYB,872
1086,airport/MJF,5
1087,airport/GGT,15401
1088,airport/SDP,5
1089,airport/WYA,1
1090,airport/MYW,1
1091,airport/ADF,13
1092,airport/KTA,125
1093,airport/MBL,50
1094,airport/CEB,178294
1095,airport/STS,14366
1096,airport/CPC,1612
1097,airport/SYO,26
1098,city/IEV,53924
1099,airport/AUS,668244
1100,airport/DIG,34
1101,airport/BTI,1
1102,airport/DJE,1470
1103,airport/HMB,297
1104,airport/MZT,34806
1105,airport/SMF,266265
1106,airport/SOF,39691
1107,airport/PIX,744
1108,airport/MDG,40
1109,airport/RVK,2
1110,airport/RIC,127184
1111,airport/ELH,5037
1112,airport/YMO,12
1113,airport/CLE,258750
1114,airport/MAA,152226
1115,airport/HYS,383
1116,airport/HGH,5249
1117,airport/UDR,2767
1118,airport/APN,1
1119,airport/DUT,64
1120,airport/STL,214799
1121,city/RIO,251406
1122,airport/PLJ,336
1123,airport/OBO,74
1124,airport/SLK,367
1125,airport/PGA,954
1126,airport/MCN,46
1127,airport/SGN,365098
1128,airport/BSO,1382
1129,airport/ALW,2079
1130,airport/MCW,1
1131,airport/GBE,1782
1132,city/OSA,131868
1133,airport/KOI,135
1134,airport/TAM,5663
1135,airport/PMO,24881
1136,airport/ACC,55862
1137,airport/NOV,88
1138,airport/MMX,1309
1139,airport/YQK,201
1140,airport/CBO,389
1141,airport/IGR,9285
1142,airport/MZV,19
1143,airport/DOH,38055
1144,airport/GET,30
1145,airport/KBV,11719
1146,airport/TSV,2137
1147,airport/VDM,99
1148,airport/FYU,2
1149,airport/HYN,10
1150,airport/BLL,4099
1151,airport/KOW,76
1152,airport/CPV,153
1153,airport/TEQ,2
1154,airport/SDL,71
1155,airport/AVP,16314
1156,airport/XCH,29
1157,airport/URY,55
1158,airport/MMK,93
1159,airport/JSY,12
1160,airport/HGU,21
1161,airport/KEM,41
1162,airport/DJJ,7
1163,airport/BTM,3
1164,airport/SLW,670
1165,airport/CVN,39
1166,airport/YCU,4
1167,airport/SKG,26827
1168,airport/PMY,70
1169,airport/TAS,5336
1170,airport/OUA,2983
1171,airport/AKJ,178
1172,airport/CTU,13561
1173,airport/IMP,122
1174,airport/YVP,56
1175,airport/IAS,2207
1176,airport/DLH,7400
1177,airport/OSI,38
1178,airport/LAO,9710
1179,airport/NAN,40833
1180,airport/ARM,30
1181,airport/NQN,1851
1182,airport/LDE,497
1183,airport/DUB,577620
1184,airport/LXS,119
1185,airport/WEI,60
1186,city/TPE,194279
1187,airport/BME,1024
1188,airport/BGF,124
1189,airport/JAV,8
1190,airport/SAB,1049
1191,airport/NAJ,2
1192,airport/YYJ,58117
1193,city/VCE,222254
1194,airport/CWL,6219
1195,airport/BFL,8023
1196,airport/SKP,13722
1197,airport/WAT,1
1198,airport/YCB,3
1199,airport/WAW,82513
1200,airport/CZS,7
1201,airport/IMT,3
1202,airport/YXX,22898
1203,airport/JLN,2431
1204,airport/CPE,1208
1205,airport/GIS,103
1206,airport/CCK,40
1207,airport/OKJ,482
1208,airport/CGI,267
1209,airport/LEA,61
1210,airport/LIM,556172
1211,airport/AQJ,630
1212,airport/VDE,29
1213,airport/HTA,31
1214,airport/VAA,135
1215,airport/KRR,1293
1216,airport/ZNZ,15810
1217,airport/SBN,12184
1218,airport/VCL,31
1219,airport/BLK,3
1220,airport/IQQ,5189
1221,airport/DZA,338
1222,airport/WUS,14
1223,airport/YXY,7170
1224,airport/TRG,241
1225,airport/VAR,3804
1226,airport/BDA,69490
1227,airport/LNY,2207
1228,airport/KWJ,23
1229,airport/CPX,1666
1230,airport/AAN,11
1231,airport/SCM,1
1232,airport/KGF,100
1233,airport/YAG,8
1234,airport/FNC,16323
1235,airport/NAG,5439
1236,airport/AUG,1321
1237,airport/BES,721
1238,airport/BDS,3323
1239,airport/CXI,4
1240,airport/VER,14019
1241,airport/HGR,64
1242,airport/DAR,16977
1243,airport/YIH,74
1244,airport/HID,4
1245,airport/VDS,4
1246,airport/BEL,3562
1247,airport/TAK,185
1248,airport/TUU,323
1249,airport/DEN,1823318
1250,airport/ISA,49
1251,airport/RMI,75
1252,airport/BOB,35676
1253,city/MIL,325394
1254,airport/EFL,1756
1255,airport/CFG,21
1256,airport/UYN,79
1257,airport/BUR,106146
1258,airport/HAH,504
1259,airport/SUV,981
1260,airport/KUH,38
1261,airport/MKE,165733
1262,airport/BEB,14
1263,airport/YZS,2
1264,airport/DEL,457556
1265,airport/TXN,33
1266,airport/BOI,87237
1267,airport/CNJ,4
1268,airport/KIT,60
1269,airport/OTH,4100
1270,airport/TNJ,4
1271,airport/YLL,9
1272,airport/ADL,22092
1273,airport/MUX,6037
1274,airport/UDI,1532
1275,airport/LAE,13
1276,airport/JKH,531
1277,airport/SDR,2166
1278,airport/BUQ,699
1279,airport/PPN,961
1280,airport/IWJ,10
1281,airport/UIP,68
1282,airport/MGQ,565
1283,airport/UBJ,44
1284,airport/CZH,1
1285,airport/FCO,814492
1286,airport/AYT,13054
1287,airport/RJA,515
1288,airport/SKZ,7
1289,city/PAR,1456632
1290,airport/AVL,49476
1291,airport/CME,1376
1292,airport/NJC,12
1293,airport/UAQ,982
1294,airport/BVE,35
1295,airport/SMI,430
1296,airport/YAK,55
1297,airport/NAV,270
1298,airport/USN,12
1299,airport/KVD,4
1300,airport/CMN,97825
1301,airport/MGW,430
1302,airport/PUS,12635
1303,airport/SUG,451
1304,airport/EGC,419
1305,airport/BTV,55749
1306,airport/ADA,1610
1307,airport/CUR,52239
1308,airport/OMO,20
1309,airport/PAP,87924
1310,airport/ANF,3695
1311,airport/YAM,2104
1312,airport/CAK,35427
1313,airport/ELP,85553
1314,airport/OZC,295
1315,airport/OER,2
1316,airport/LJG,353
1317,airport/BSB,23438
1318,airport/FSM,3800
1319,airport/BDQ,7118
1320,airport/ESM,1119
1321,airport/LFT,11715
1322,airport/POZ,3124
1323,airport/LRD,4821
1324,airport/OMS,385
1325,airport/BWK,141
1326,airport/SBY,4903
1327,airport/URC,967
1328,airport/IXR,1436
1329,airport/NNM,1
1330,airport/CZM,55148
1331,airport/SVJ,71
1332,city/YMQ,480403
1333,airport/GOA,6511
1334,airport/SCV,286
1335,airport/HOB,793
1336,airport/LEJ,2401
1337,airport/SMX,240
1338,airport/CNM,113
1339,airport/LMT,458
1340,airport/FSZ,148
1341,airport/DNR,61
1342,airport/LJU,12863
1343,airport/MLO,144
1344,airport/MHG,8
1345,airport/YKA,6496
1346,airport/HGA,979
1347,airport/BFF,120
1348,airport/RYK,51
1349,airport/SKT,6090
1350,airport/FUG,1
1351,airport/KSJ,2
1352,airport/BDL,239237
1353,airport/BRI,9892
1354,airport/MGA,198136
1355,airport/EUG,37737
1356,airport/BEG,39379
1357,airport/JER,1270
1358,airport/KAD,5
1359,airport/DUR,13534
1360,airport/UFA,636
1361,airport/SVX,1349
1362,airport/GFK,318
1363,airport/WMO,2
1364,airport/GAU,2849
1365,airport/JOE,28
1366,airport/GSP,63221
1367,airport/DGO,9623
1368,airport/KTM,77522
1369,airport/TAP,3781
1370,airport/TDX,198
1371,airport/MHD,2755
1372,airport/GIB,1715
1373,airport/KHS,48
1374,airport/AIT,202
1375,airport/OMA,95533
1376,airport/SZX,7862
1377,airport/LAI,6
1378,airport/RPR,1416
1379,airport/EWB,62
1380,airport/WUX,225
1381,airport/HET,118
1382,airport/CAH,7
1383,airport/BSD,2
1384,airport/CRM,160
1385,airport/PVK,611
1386,airport/YBR,877
1387,airport/GDX,14
1388,airport/ELS,852
1389,airport/VPS,36514
1390,airport/GCC,1042
1391,airport/GOJ,196
1392,airport/PVH,598
1393,airport/PWM,94457
1394,airport/SLL,3635
1395,airport/WGA,61
1396,airport/JZH,92
1397,airport/ATH,429465
1398,airport/WRO,7776
1399,airport/AES,567
1400,airport/MAZ,1674
1401,airport/ACE,17370
1402,airport/MJV,968
1403,airport/LUG,1610
1404,airport/GMB,1
1405,airport/YHZ,119707
1406,airport/IPH,560
1407,airport/LPB,32690
1408,airport/LBB,18461
1409,airport/FAT,59368
1410,city/TPA,1041592
1411,airport/HVR,56
1412,airport/AHU,91
1413,airport/DDG,18
1414,airport/EYW,125317
1415,airport/SNN,42811
1416,airport/CZL,445
1417,airport/OOL,17842
1418,airport/DBQ,2029
1419,airport/SUJ,52
1420,airport/BNS,9
1421,airport/CLY,607
1422,city/DXB,378814
1423,airport/ABZ,7347
1424,airport/LFW,3963
1425,airport/XQP,83
1426,airport/JIK,66
1427,airport/POA,22109
1428,airport/YPW,76
1429,airport/RSU,9
1430,airport/FUK,13132
1431,airport/NOC,2231
1432,airport/BKO,2503
1433,airport/YSB,2764
1434,airport/EIN,548
1435,airport/NOZ,24
1436,airport/BET,135
1437,airport/YRB,3
1438,airport/ABJ,8646
1439,airport/KHN,567
1440,airport/LPQ,3023
1441,airport/UIH,39
1442,airport/PDL,17279
1443,airport/DUD,2294
1444,airport/YIO,1
1445,airport/PPS,12124
1446,airport/STX,29898
1447,airport/FSC,4070
1448,airport/TSN,1356
1449,airport/CKB,169
1450,airport/BMI,5450
1451,airport/NBE,56
1452,airport/OSR,181
1453,airport/BJA,358
1454,airport/IOM,1112
1455,airport/MFM,8210
1456,airport/HON,14
1457,airport/BPS,6678
1458,airport/UTT,34
1459,airport/GRW,95
1460,airport/PUF,419
1461,airport/CFS,434
1462,airport/TPS,273
1463,airport/PTG,20
1464,airport/SCU,62
1465,airport/YHY,4
1466,airport/RIX,15681
1467,airport/ITH,7234
1468,airport/YEV,50
1469,airport/KRK,46002
1470,airport/EAT,2161
1471,airport/KWA,29
1472,airport/EEK,1
1473,airport/MJT,840
1474,airport/KHI,83434
1475,airport/LRH,364
1476,airport/BHE,232
1477,airport/YNT,422
1478,airport/BSL,11082
1479,airport/BSR,996
1480,airport/AUQ,2
1481,airport/GYD,9298
1482,airport/KHV,398
1483,airport/MZO,10
1484,airport/PEM,1048
1485,airport/SNC,309
1486,airport/HYD,214556
1487,airport/CRK,54383
1488,airport/KMG,3477
1489,airport/MOU,3
1490,airport/SGU,7541
1491,airport/UTH,248
1492,airport/DYG,143
1493,airport/TSJ,23
1494,airport/FDF,18423
1495,airport/MHT,46480
1496,airport/OUD,1504
1497,airport/SUF,5348
1498,airport/RTB,47421
1499,airport/GUR,5
1500,airport/SCE,8060
1501,airport/LNJ,2
1502,airport/KHG,45
1503,airport/MSQ,11081
1504,airport/GMZ,58
1505,airport/CJU,6476
1506,airport/BGO,10811
1507,airport/VSA,4599
1508,airport/TAY,89
1509,airport/GCK,1077
1510,airport/YFO,2
1511,airport/PDP,4011
1512,airport/CDB,8
1513,airport/YGX,1
1514,airport/FAI,33684
1515,airport/BAV,25
1516,airport/TUC,1934
1517,airport/HVG,11
1518,city/BHZ,27829
1519,airport/SJZ,523
1520,airport/AHE,10
1521,airport/BNI,9
1522,airport/KNU,14
1523,airport/MSJ,662
1524,airport/RAB,3
1525,airport/PNL,277
1526,city/SLU,63348
1527,airport/HEA,6
1528,airport/MLI,15031
1529,airport/DHN,12
1530,airport/DAM,5
1531,airport/KTW,2825
1532,airport/KKJ,118
1533,airport/MQM,48
1534,city/IST,203368
1535,airport/FNA,3807
1536,airport/BRR,52
1537,airport/YCD,9037
1538,airport/AYQ,1382
1539,airport/PAD,142
1540,airport/IRJ,109
1541,airport/PEK,148423
1542,airport/MDQ,1713
1543,airport/MFU,7
1544,airport/WRG,116
1545,airport/HLD,11
1546,airport/DYU,899
1547,airport/PBM,3411
1548,airport/KSH,3
1549,airport/PMI,59259
1550,airport/HMO,7555
1551,airport/AUR,5
1552,airport/NKG,4362
1553,airport/CJC,5074
1554,airport/FPO,19270
1555,airport/BRM,339
1556,airport/RJL,30
1557,airport/PVR,357664
1558,airport/BLI,12372
1559,airport/YWK,243
1560,airport/PLO,71
1561,airport/BJZ,55
1562,airport/CCC,141
1563,airport/TRV,43401
1564,airport/JHM,16784
1565,airport/DKR,19407
1566,airport/TZX,3680
1567,airport/ROV,1141
1568,airport/MME,300
1569,airport/GLF,5
1570,airport/XIC,1
1571,airport/HMA,10
1572,airport/YTE,1
1573,airport/SID,3714
1574,airport/PAS,793
1575,airport/TUS,114959
1576,airport/RDM,20355
1577,airport/GZP,521
1578,airport/YEK,2
1579,city/YTO,1054612
1580,airport/ALC,38004
1581,airport/GRK,11821
1582,airport/CIX,5032
1583,airport/PLZ,3729
1584,airport/HDS,329
1585,airport/IXD,174
1586,airport/OSD,152
1587,airport/BRC,15532
1588,airport/TCQ,1907
1589,airport/KMI,263
1590,airport/SSA,32037
1591,airport/DUJ,96
1592,airport/GDT,85
1593,airport/BSK,24
1594,airport/VOL,31
1595,airport/SVB,1
1596,airport/CRW,11453
1597,airport/SMS,6
1598,airport/TYF,1
1599,airport/SAL,301376
1600,airport/YQR,25366
1601,airport/ECN,2562
1602,airport/LWS,2775
1603,airport/PSG,240
1604,airport/SCL,345750
1605,airport/LPI,203
1606,airport/MWX,4
1607,airport/LAN,13355
1608,airport/ADQ,1530
1609,airport/COD,3412
1610,airport/YBK,1
1611,airport/CNS,19828
1612,airport/REG,1072
1613,airport/DAT,14
1614,city/BZE,146743
1615,city/SAO,264938
1616,airport/TSR,3049
1617,airport/TRW,81
1618,airport/FRA,328394
1619,airport/ZAD,4339
1620,airport/PPP,1403
1621,airport/YNJ,303
1622,airport/AIA,14
1623,airport/ACI,3
1624,airport/ATY,3
1625,airport/EGE,18845
1626,city/GCN,4880
1627,airport/CUZ,99468
1628,airport/MIR,759
1629,airport/BJR,68
1630,airport/RST,7891
1631,airport/SOU,2056
1632,airport/YGP,300
1633,airport/HKN,2
1634,airport/NAP,77703
1635,airport/HLZ,227
1636,airport/JTC,100
1637,airport/DNH,26
1638,airport/SHB,3
1639,airport/LIR,126810
1640,airport/KMQ,374
1641,airport/BDO,1056
1642,airport/MUN,16
1643,airport/RET,2
1644,airport/AHB,1204
1645,airport/YQG,7115
1646,airport/FEN,3452
1647,airport/IZO,14
1648,airport/TER,4913
1649,airport/KGL,7720
1650,airport/PRI,781
1651,airport/CIT,74
1652,city/KUL,131278
1653,airport/MDL,2051
1654,airport/GJT,14738
1655,airport/YKS,42
1656,airport/GTF,12287
1657,airport/KIJ,159
1658,airport/TFI,1
1659,airport/AUA,269449
1660,airport/KSA,80
1661,airport/TTU,35
1662,airport/OSS,34
1663,airport/MUE,39
1664,airport/KYA,360
1665,airport/JHB,559
1666,airport/OAJ,19913
1667,airport/UGC,13
1668,airport/MAU,54
1669,airport/IXE,12310
1670,airport/ASB,351
1671,airport/YNZ,12
1672,city/SEA,1397365
1673,airport/RAR,4291
1674,airport/POM,1396
1675,airport/KZO,20
1676,airport/PDS,118
1677,airport/TOE,23
1678,airport/CBQ,3
1679,airport/ABS,24
1680,airport/TKG,12
1681,airport/BIQ,3667
1682,airport/TUL,57473
1683,airport/IOS,1761
1684,airport/FDH,375
1685,airport/DJB,3
1686,city/DUS,58477
1687,airport/KLO,7553
1688,airport/CTA,20648
1689,airport/CJS,5780
1690,airport/PUQ,11408
1691,airport/LBJ,206
1692,airport/LPL,4047
1693,airport/ZMT,69
1694,airport/PEN,9884
1695,airport/KUN,850
1696,airport/WYS,12
1697,airport/OGZ,11
1698,airport/LRM,5638
1699,airport/NTL,789
1700,airport/BKI,5477
1701,airport/DIK,709
1702,airport/TNO,35
1703,airport/AMS,683832
1704,airport/ACA,27517
1705,airport/DNZ,201
1706,airport/KGS,3304
1707,airport/FMN,238
1708,airport/KKE,62
1709,airport/DBO,51
1710,airport/PZI,1
1711,airport/HLH,1
1712,airport/NDJ,297
1713,airport/IKT,623
1714,airport/EJA,361
1715,airport/ZCL,14010
1716,airport/SDJ,675
1717,airport/TAG,4675
1718,airport/DIU,25
1719,airport/PDV,2
1720,airport/VII,69
1721,airport/PSE,51078
1722,airport/JDH,1311
1723,airport/CUC,10731
1724,airport/VLL,111
1725,airport/PPB,302
1726,airport/ZSE,51
1727,airport/MUR,2
1728,airport/PVC,948
1729,airport/GRZ,2141
1730,airport/NPE,454
1731,airport/DPL,957
1732,airport/GUC,4115
1733,airport/MLG,5
1734,airport/JAL,73
1735,airport/VAS,36
1736,airport/AUK,2
1737,airport/COK,104990
1738,city/MDE,292822
1739,airport/BGM,1534
1740,airport/SBZ,2309
1741,airport/YVO,128
1742,airport/KHH,7457
1743,airport/SYD,423833
1744,airport/LUQ,337
1745,airport/PND,32
1746,airport/HSV,22419
1747,airport/VVO,1843
1748,airport/BVB,366
1749,airport/IAN,4
1750,airport/FLA,225
1751,airport/YKF,3969
1752,airport/ZBF,643
1753,airport/DIR,64
1754,airport/MUC,228822
1755,airport/HUX,16349
1756,airport/PHO,2
1757,airport/KIR,1325
1758,airport/OTZ,92
1759,airport/SYZ,2016
1760,airport/UKK,40
1761,city/QHO,1072968
1762,airport/KIV,11703
1763,airport/ERC,25
1764,airport/BNN,6
1765,airport/TYS,63814
1766,airport/CHA,32829
1767,airport/LSE,3559
1768,airport/TIF,1261
1769,airport/JUJ,1049
1770,airport/GZO,1
1771,airport/STT,200577
1772,airport/LST,2082
1773,airport/WAG,3
1774,airport/NNY,6
1775,airport/QRW,2
1776,airport/TRD,2222
1777,airport/OHD,261
1778,airport/HTI,2432
1779,airport/CMH,155505
1780,airport/GOP,326
1781,airport/UTN,45
1782,airport/GGW,56
1783,airport/YGJ,37
1784,airport/ABR,2
1785,airport/FRO,9
1786,airport/MDU,1
1787,airport/JLR,317
1788,airport/GRJ,1509
1789,airport/BNE,100973
1790,airport/JAN,30120
1791,airport/LUX,11477
1792,airport/BXU,843
1793,airport/TLL,12598
1794,airport/SJD,396179
1795,airport/GEG,81154
1796,airport/IXJ,1939
1797,airport/MIA,2970128
1798,airport/FEZ,3212
1799,airport/CLT,498085
1800,airport/PVD,107427
1801,airport/TLH,33357
1802,airport/TBU,3490
1803,airport/BOD,18125
1804,airport/YKM,2698
1805,airport/BTR,31046
1806,airport/IXL,2230
1807,airport/WLS,2
1808,airport/GAL,1
1809,airport/MQX,35
1810,airport/TGU,46626
1811,airport/PSO,3164
1812,airport/NVA,1616
1813,airport/KKN,102
1814,airport/CNX,46291
1815,airport/TGZ,10411
1816,airport/LYR,1014
1817,airport/JIM,15
1818,airport/DTW,506668
1819,airport/LIH,227984
1820,airport/RMF,286
1821,airport/COO,3027
1822,airport/ELQ,821
1823,airport/KOE,9
1824,airport/ATK,4
1825,city/MEX,796194
1826,city/WAS,1733454
1827,airport/MQP,651
1828,airport/AQI,24
1829,airport/ORB,8
1830,airport/MAD,1152102
1831,airport/SMA,727
1832,airport/GLT,161
1833,airport/PSP,153889
1834,airport/PEE,243
1835,city/YOW,105174
1836,airport/SCC,10
1837,airport/ERZ,57
1838,airport/WEF,19
1839,airport/HDY,524
1840,airport/NCL,10037
1841,airport/YRT,6
1842,airport/DAX,10
1843,airport/UME,317
1844,airport/KBR,485
1845,airport/DIB,188
1846,airport/GYS,1
1847,airport/HIJ,3376
1848,airport/INC,113
1849,airport/BDB,160
1850,airport/OIT,141
1851,airport/GNV,16255
1852,airport/BKS,2
1853,airport/MYG,1
1854,airport/TMS,776
1855,airport/UUD,86
1856,airport/POS,137207
1857,airport/VLC,48345
1858,airport/DLM,5533
1859,airport/IDA,8791
1860,airport/OZZ,116
1861,airport/IFP,2103
1862,airport/USM,21321
1863,airport/AHO,1650
1864,airport/GDV,13
1865,airport/MRV,662
1866,airport/ASE,30486
1867,airport/GLH,112
1868,airport/DIE,3
1869,airport/MRS,33346
1870,airport/SZZ,470
1871,airport/EYP,858
1872,airport/WAA,1
1873,airport/SFO,1945367
1874,airport/HKG,369240
1875,airport/PRN,11927
1876,airport/LIL,587
1877,airport/GDZ,56
1878,airport/MBJ,394097
1879,airport/GOI,38107
1880,airport/SSH,9419
1881,airport/MMH,6113
1882,airport/WNP,863
1883,airport/GES,589
1884,airport/PMR,355
1885,city/STO,143686
1886,airport/OTP,61156
1887,airport/LWB,123
1888,airport/KGI,169
1889,airport/THS,103
1890,airport/CAP,3986
1891,airport/AQG,1
1892,airport/CAL,6
1893,airport/ADB,9122
1894,airport/PHF,19281
1895,airport/RUT,1176
1896,airport/LNK,10200
1897,airport/TAH,20
1898,airport/ZNE,21
1899,airport/MBS,4331
1900,airport/TKK,519
1901,airport/DLC,2963
1902,airport/PIS,45
1903,airport/NHV,6
1904,airport/NSK,3
1905,airport/FLL,1989626
1906,airport/SDY,1717
1907,airport/LDU,12
1908,airport/MLX,75
1909,airport/JAX,244502
1910,airport/KBL,9705
1911,airport/LXG,4
1912,airport/OGG,621239
1913,airport/ACT,6601
1914,airport/YQZ,26
1915,airport/HME,3
1916,airport/LHW,428
1917,airport/MSY,1088016
1918,airport/HPH,230
1919,airport/MZH,15
1920,airport/PSA,16032
1921,airport/UIN,228
1922,airport/CND,249
1923,airport/CBB,2066
1924,airport/IXA,211
1925,airport/NVK,4
1926,airport/PRG,169532
1927,airport/SJW,103
1928,airport/ESU,22
1929,airport/RAH,2
1930,airport/KAO,51
1931,airport/TAC,3870
1932,airport/ROS,5173
1933,airport/MXL,2462
1934,airport/HMV,1
1935,city/LON,2003065
1936,airport/CUE,10743
1937,airport/ZYL,1167
1938,airport/MAB,133
1939,airport/LMP,258
1940,airport/WKJ,46
1941,airport/MZG,38
1942,airport/KPN,1
1943,airport/IXS,156
1944,airport/CUK,94
1945,airport/EDL,90
1946,airport/GEV,17
1947,airport/BQK,8
1948,airport/ATZ,587
1949,airport/HAS,159
1950,airport/SDK,205
1951,airport/KSQ,1
1952,airport/DAY,47796
1953,airport/SXM,96643
1954,airport/BAQ,59437
1955,airport/PEI,45040
1956,airport/FLO,4771
1957,airport/AOJ,247
1958,airport/KLX,520
1959,airport/KPO,8
1960,airport/KKH,2
1961,airport/SIP,1041
1962,airport/JKG,100
1963,airport/RGI,55
1964,airport/KEF,447414
1965,airport/INL,5
1966,airport/RHO,8795
1967,airport/VEL,109
1968,airport/YDF,10806
1969,airport/MLA,35872
1970,airport/FRS,2790
1971,airport/KWE,473
1972,airport/NLA,307
1973,airport/HUI,1027
1974,airport/ABX,226
1975,airport/VXO,17
1976,city/SJU,1727362
1977,airport/CKY,4010
1978,airport/TIU,257
1979,airport/GRO,929
1980,airport/NAL,55
1981,airport/EBJ,3
1982,airport/CUN,1529516
1983,airport/PQQ,192
1984,airport/YBG,335
1985,airport/ASJ,24
1986,city/SHA,178860
1987,airport/YXC,1889
1988,airport/RRG,188
1989,airport/TNN,170
1990,airport/IFN,1631
1991,airport/HKK,15
1992,airport/LAX,3680814
1993,airport/ANC,176568
1994,airport/CTS,15754
1995,airport/KRT,9604
1996,airport/LBU,144
1997,airport/NVT,2752
1998,airport/VNX,159
1999,airport/CEI,1244
2000,airport/DIY,81
2001,airport/ACY,25791
2002,airport/KSC,1641
2003,airport/ZUH,177
2004,airport/SJP,731
2005,airport/AZS,3027
2006,airport/MDZ,15700
2007,airport/YXS,5311
2008,airport/PGF,575
2009,airport/PRC,463
2010,airport/SDN,8
2011,city/JNB,142200
2012,airport/CGQ,1213
2013,airport/LRT,87
2014,airport/JSI,831
2015,airport/LBL,53
2016,airport/SIN,236837
2017,airport/YWG,75013
2018,airport/VBY,220
2019,airport/IVL,1414
2020,airport/CFN,209
2021,airport/ABY,1
2022,airport/CTG,210460
2023,airport/TRI,6872
2024,airport/RNS,1056
2025,airport/TCB,1749
2026,airport/WIC,26
2027,airport/YUM,8381
2028,airport/YFC,10493
2029,airport/GYE,141006
2030,airport/YGK,1372
2031,airport/DOM,8681
2032,airport/LAS,3481484
2033,airport/GRB,18975
2034,airport/HDN,9429
2035,airport/MEC,4567
2036,airport/RGA,383
2037,airport/HOV,13
2038,airport/TVC,18948
2039,airport/BRN,1687
2040,airport/STV,1188
2041,airport/SKD,262
2042,airport/OAX,28300
2043,airport/GLA,80756
2044,city/BUE,391291
2045,airport/YIW,552
2046,airport/VKG,14
2047,airport/MVY,7725
2048,airport/ESB,7110
2049,airport/KUA,155
2050,airport/GVA,94376
2051,airport/HNL,1577479
2052,airport/JNX,175
2053,airport/BJI,3
2054,airport/MJN,1
2055,airport/TKU,381
2056,airport/GIZ,331
2057,airport/BIA,1748
2058,airport/MYD,172
2059,airport/JIB,1044
2060,airport/KTT,424
2061,airport/CNY,523
2062,airport/LOP,1410
2063,airport/TRU,5516
2064,airport/YWL,171
2065,airport/BHY,92
2066,airport/PKC,38
2067,airport/CGD,8
2068,airport/LZH,100
2069,airport/DTM,1220
2070,airport/BNK,1510
2071,airport/PHE,84
2072,airport/REP,22434
2073,airport/HAK,970
2074,airport/HIR,407
2075,airport/DDC,122
2076,airport/PZB,98
2077,airport/SLP,20516
2078,airport/FCA,29807
2079,airport/ABA,12
2080,airport/PLW,9
2081,airport/EIS,7411
2082,airport/USU,5746
2083,airport/CRP,21517
2084,airport/ALS,264
2085,airport/TDD,24
2086,city/ETH,1207
2087,airport/WLG,22551
2088,airport/HBE,11262
2089,airport/MBT,154
2090,airport/SVU,544
2091,airport/BKW,30
2092,airport/KNO,1333
2093,airport/MPN,70
2094,airport/DGA,156
2095,airport/UII,9
2096,airport/YVB,2
2097,airport/ORV,1
2098,airport/VTZ,5902
2099,airport/PER,60394
2100,airport/VIE,129384
2101,airport/XNA,29258
2102,airport/HAC,23
2103,airport/HOG,665
2104,airport/BFN,416
2105,airport/XKH,3
2106,airport/ESC,2
2107,airport/MLE,81357
2108,airport/KUU,497
2109,airport/NOU,3789
2110,airport/IBE,1255
2111,airport/ELM,1306
2112,airport/SHM,6
2113,airport/PUJ,510135
2114,airport/ILM,43907
2115,airport/SPC,1037
2116,airport/NBC,37
2117,airport/CMF,170
2118,airport/TRK,1
2119,airport/NAO,1
2120,airport/YGR,822
2121,airport/SHL,84
2122,airport/ANI,3
2123,airport/DGT,1256
2124,airport/MCE,381
2125,airport/CPH,197249
2126,airport/YQB,43440
2127,airport/TOF,136
2128,airport/VCS,49
2129,airport/BTS,2434
2130,airport/EAR,269
2131,airport/WVB,383
2132,airport/JMS,588
2133,airport/BOM,336916
2134,airport/PIA,10538
2135,airport/YQT,7791
2136,airport/GWT,151
2137,airport/VCT,22
2138,airport/AJR,6
2139,airport/KUO,31
2140,airport/ZTH,1925
2141,airport/RES,472
2142,airport/LGQ,88
2143,airport/ILD,4
2144,airport/MLM,40130
2145,airport/AYP,1171
2146,airport/MAG,21
2147,airport/MYJ,208
2148,airport/HEK,3
2149,airport/HRB,2100
2150,airport/JED,40739
2151,airport/NPL,232
2152,city/MOW,119798
2153,airport/YYT,47882
2154,airport/SLZ,2026
2155,airport/ARH,30
2156,airport/RGN,23501
2157,airport/REL,228
2158,airport/KRP,8
2159,airport/GUA,261087
2160,airport/RUH,25164
2161,airport/SUN,4465
2162,airport/BMU,10
2163,city/QDF,1277500
2164,airport/SJJ,17113
2165,city/LYS,40102
2166,airport/HVN,8212
2167,airport/BAH,19683
2168,airport/WUH,5166
2169,airport/LYP,3034
2170,airport/SOW,57
2171,airport/CAN,62805
2172,airport/SJT,2984
2173,airport/BCD,8167
2174,airport/YQX,4950
2175,airport/CSG,11
2176,airport/PHC,2363
2177,airport/WJU,2
2178,airport/FKL,6
2179,airport/JTR,84122
2180,airport/TIR,1564
2181,airport/MRZ,5
2182,airport/SVQ,34442
2183,airport/OMD,1
2184,airport/ENE,9
2185,airport/FKS,19
